keyword_id,Keyword,market,language,keyword_type,search_volumn,conversion_value,priority
KW_001,亚马逊,CN,zh,branded," 323,753 ",high,5
KW_002,amazon,CN,zh,branded," 102,516 ",high,5
KW_003,亚马逊网址,CN,zh,branded," 13,373 ",high,5
KW_004,亚马逊全球开店官网,CN,zh,branded," 12,723 ",high,5
KW_005,亚马逊卖家官网登录入口,CN,zh,branded," 5,216 ",high,5
KW_006,亚马逊美国站官网,CN,zh,branded," 2,990 ",high,5
KW_007,亚马逊开店流程,CN,zh,branded," 2,176 ",high,5
KW_008,亚马逊网站,CN,zh,branded," 1,670 ",high,5
KW_009,亚马逊德国站官网,CN,zh,branded," 1,365 ",high,5
KW_010,amazon seller,CN,zh,branded," 1,236 ",high,5
KW_011,亚马逊跨境电商平台官网,CN,zh,branded," 1,003 ",high,5
KW_012,亚马逊北美站,CN,zh,branded, 987 ,high,5
KW_013,亚马逊 美国,CN,zh,branded, 841 ,high,5
KW_014,亚马逊美国官网入口,CN,zh,branded, 686 ,high,5
KW_015,亚马逊店铺,CN,zh,branded, 631 ,high,5
KW_016,亚马逊官方网站,CN,zh,branded, 537 ,high,5
KW_017,亚马逊账号,CN,zh,branded, 514 ,high,5
KW_018,墨西哥亚马逊,CN,zh,branded, 146 ,high,5
KW_019,亚马逊入口,CN,zh,branded, 143 ,high,5
KW_020,amazon日本亚马逊,CN,zh,branded, 137 ,high,5
KW_021,亚马逊商家入驻,CN,zh,branded, 134 ,high,5
KW_022,亚马逊官网首页,CN,zh,branded, 109 ,high,5
KW_023,亚马逊官方网,CN,zh,branded, 106 ,high,5
KW_024,亚马逊中国站,CN,zh,branded, 106 ,high,5
KW_025,amazon seller center,CN,zh,branded, 81 ,high,5
KW_026,亚马逊电商官网,CN,zh,branded, 75 ,high,5
KW_027,亚马逊欧洲站官网,CN,zh,branded, 74 ,high,5
KW_028,亚马逊注册入口,CN,zh,branded, 71 ,high,5
KW_029,亚马逊欧洲站卖家登录,CN,zh,branded, 60 ,high,5
KW_030,注册亚马逊账号,CN,zh,branded, 57 ,high,5
KW_031,亚马逊商家注册,CN,zh,branded, 57 ,high,5
KW_032,亚马逊美国站网址,CN,zh,branded, 56 ,high,5
KW_033,amazon亚马逊官网网址,CN,zh,branded, 56 ,high,5
KW_034,亚马逊欧洲站注册,CN,zh,branded, 56 ,high,5
KW_035,amazon入驻,CN,zh,branded, 53 ,high,5
KW_036,亚马逊日本站开店,CN,zh,branded, 53 ,high,5
KW_037,amazon亚马逊官网登录,CN,zh,branded, 52 ,high,5
KW_038,amazon北美站,CN,zh,branded, 52 ,high,5
KW_039,全球开店亚马逊,CN,zh,branded, 48 ,high,5
KW_040,seller central amazon,CN,zh,branded, 43 ,high,5
KW_041,亚马逊国际网,CN,zh,branded, 42 ,high,5
KW_042,亚马逊 卖家,CN,zh,branded, 41 ,high,5
KW_043,亚马逊电商平台入驻,CN,zh,branded, 40 ,high,5
KW_044,amazon后台,CN,zh,branded, 39 ,high,5
KW_045,亚马逊北美站开店,CN,zh,branded, 39 ,high,5
KW_046,亚马逊开店要求,CN,zh,branded, 38 ,high,5
KW_047,亚马逊账号注册流程,CN,zh,branded, 35 ,high,5
KW_048,亚马逊国际站开店,CN,zh,branded, 35 ,high,5
KW_049,亚马逊全球购物,CN,zh,branded, 35 ,high,5
KW_050,amazon加拿大,CN,zh,branded, 33 ,high,5
KW_051,亚马逊国际官网,CN,zh,branded, 33 ,high,5
KW_052,亚马逊登录后台,CN,zh,branded, 29 ,high,5
KW_053,美国版亚马逊,CN,zh,branded, 28 ,high,5
KW_054,注册亚马逊店铺,CN,zh,branded, 28 ,high,5
KW_055,全球亚马逊开店,CN,zh,branded, 24 ,high,5
KW_056,亚马逊 jp,CN,zh,branded, 23 ,high,5
KW_057,日本亚马逊官方,CN,zh,branded, 23 ,high,5
KW_058,日本 amazon,CN,zh,branded, 21 ,high,5
KW_059,亚马逊 卖家平台,CN,zh,branded, 19 ,high,5
KW_060,亚马逊美国入口,CN,zh,branded, 17 ,high,5
KW_061,亚马孙跨境电商平台,CN,zh,branded, 17 ,high,5
KW_062,亚马逊帐号注册,CN,zh,branded, 16 ,high,5
KW_063,亚马逊各国站点,CN,zh,branded, 16 ,high,5
KW_064,亚马逊 国际版,CN,zh,branded, 15 ,high,5
KW_065,亚马逊美国站卖家,CN,zh,branded, 15 ,high,5
KW_066,亚马逊卖家中心登录,CN,zh,branded, 15 ,high,5
KW_067,亚马逊网站网址,CN,zh,branded, 14 ,high,5
KW_068,亚马逊电商平台规则,CN,zh,branded, 14 ,high,5
KW_069,GS.AMAZON,CN,zh,branded, 13 ,high,5
KW_070,亚马逊美国站卖家入口,CN,zh,branded, 13 ,high,5
KW_071,亚马逊网站美国,CN,zh,branded, 12 ,high,5
KW_072,亚马逊英国官方网,CN,zh,branded, 12 ,high,5
KW_073,亚马逊日本地址,CN,zh,branded, 12 ,high,5
KW_074,亚马逊 全球,CN,zh,branded, 11 ,high,5
KW_075,亚马逊 注册,CN,zh,branded, 11 ,high,5
KW_076,亚马逊网站登录,CN,zh,branded, 11 ,high,5
KW_077,电商平台亚马逊,CN,zh,branded, 10 ,high,5
KW_078,amazon日本站点,CN,zh,branded, 10 ,high,5
KW_079,亚马逊全球开店开店,CN,zh,branded, 10 ,high,5
KW_080,亚马逊入驻条件及费用,CN,zh,branded, 10 ,high,5
KW_081,亚马逊自营店,CN,zh,branded, 10 ,high,5
KW_082,亚马逊开店需要营业执照嘛,CN,zh,branded, 10 ,high,5
KW_083,跨境电商,CN,zh,branded," 106,160 ",high,5
KW_084,亚马逊购物官网入口,CN,zh,branded," 27,934 ",high,5
KW_085,亚马逊官网登录入口,CN,zh,branded," 1,292 ",high,5
KW_086,亚马逊中文网站,CN,zh,branded, 57 ,high,5
KW_087,怎么在亚马逊开店,CN,zh,branded, 49 ,high,5
KW_088,amazon官方,CN,zh,branded, 47 ,high,5
KW_089,美亚马逊官网网址,CN,zh,branded, 25 ,high,5
KW_090,日亚马逊网址,CN,zh,branded, 11 ,high,5
KW_091,亚马逊跨境电商,CN,zh,branded," 109,973 ",high,5
KW_092,亚马逊全球开店,CN,zh,branded," 31,976 ",high,5
KW_093,亚马逊平台,CN,zh,branded," 17,032 ",high,5
KW_094,亚马逊跨境电商开店流程及费用,CN,zh,branded," 11,639 ",high,5
KW_095,亚马逊跨境电商平台,CN,zh,branded," 11,025 ",high,5
KW_096,入驻亚马逊需要多少费用,CN,zh,branded," 7,512 ",high,5
KW_097,亚马逊中国,CN,zh,branded," 6,336 ",high,5
KW_098,亚马逊电商,CN,zh,branded," 3,207 ",high,5
KW_099,亚马逊电商平台,CN,zh,branded," 2,414 ",high,5
KW_100,亚马逊卖家平台,CN,zh,branded," 1,766 ",high,5
KW_101,亚马逊卖家中心,CN,zh,branded," 1,392 ",high,5
KW_102,亚马逊跨境电商官网,CN,zh,branded," 1,333 ",high,5
KW_103,亚马逊开店注册步骤,CN,zh,branded," 1,322 ",high,5
KW_104,亚马逊开店流程及费用,CN,zh,branded," 1,189 ",high,5
KW_105,亚马逊注册,CN,zh,branded," 1,162 ",high,5
KW_106,亚马逊全球店铺,CN,zh,branded, 602 ,high,5
KW_107,亚马逊注册开店流程,CN,zh,branded, 482 ,high,5
KW_108,gs.amazon.cn,CN,zh,branded, 474 ,high,5
KW_109,亚马逊跨境电商开店,CN,zh,branded, 393 ,high,5
KW_110,亚马逊商家,CN,zh,branded, 375 ,high,5
KW_111,亚马逊怎么开店,CN,zh,branded, 343 ,high,5
KW_112,亚马逊注册流程,CN,zh,branded, 226 ,high,5
KW_113,amazon美国站,CN,zh,branded, 212 ,high,5
KW_114,亚马逊商家版,CN,zh,branded, 210 ,high,5
KW_115,亚马逊开店官网,CN,zh,branded, 193 ,high,5
KW_116,亚马逊招商,CN,zh,branded, 125 ,high,5
KW_117,亚马逊外贸,CN,zh,branded, 95 ,high,5
KW_118,亚马逊卖家注册,CN,zh,branded, 75 ,high,5
KW_119,amazon全球开店,CN,zh,branded, 71 ,high,5
KW_120,亚马逊注册店铺,CN,zh,branded, 66 ,high,5
KW_121,亚马逊网店,CN,zh,branded, 64 ,high,5
KW_122,亚马逊店铺怎么注册,CN,zh,branded, 63 ,high,5
KW_123,亚马逊注册开店,CN,zh,branded, 59 ,high,5
KW_124,日本亚马逊跨境电商,CN,zh,branded, 57 ,high,5
KW_125,如何在亚马逊上开店卖到国外,CN,zh,branded, 56 ,high,5
KW_126,amazon日本网站入口,CN,zh,branded," 1,441,998 ",high,5
KW_127,跨境电商亚马逊,CN,zh,branded," 220,258 ",high,5
KW_128,亚马逊官网,CN,zh,branded," 184,979 ",high,5
KW_129,亚马逊国际,CN,zh,branded," 65,945 ",high,5
KW_130,亚马逊开店,CN,zh,branded," 59,562 ",high,5
KW_131,亚马逊平台官网,CN,zh,branded," 35,219 ",high,5
KW_132,amazon欧洲站入口官网登录,CN,zh,branded," 30,750 ",high,5
KW_133,amazon亚马逊官网,CN,zh,branded," 29,888 ",high,5
KW_134,亚马逊网页,CN,zh,branded," 25,369 ",high,5
KW_135,亚马逊网站官网入口,CN,zh,branded," 23,987 ",high,5
KW_136,亚马逊美国,CN,zh,branded," 18,244 ",high,5
KW_137,美国亚马逊,CN,zh,branded," 14,613 ",high,5
KW_138,亚马逊商城,CN,zh,branded," 12,299 ",high,5
KW_139,亚马逊跨境电商个人开店,CN,zh,branded," 11,900 ",high,5
KW_140,亚马逊官网入口,CN,zh,branded," 11,710 ",high,5
KW_141,亚马逊是做什么的,CN,zh,branded," 11,220 ",high,5
KW_142,日本亚马逊,CN,zh,branded," 11,090 ",high,5
KW_143,跨境电商怎么做新手入门,CN,zh,branded," 10,750 ",high,5
KW_144,亚马逊美国站,CN,zh,branded," 8,704 ",high,5
KW_145,做亚马逊需要多少资金,CN,zh,branded," 7,912 ",high,5
KW_146,amazon日本站amazon,CN,zh,branded," 7,731 ",high,5
KW_147,亚马逊美国官网,CN,zh,branded," 7,656 ",high,5
KW_148,美国亚马逊官网,CN,zh,branded," 6,311 ",high,5
KW_149,亚马逊日本,CN,zh,branded," 6,158 ",high,5
KW_150,中国亚马逊跨境电商,CN,zh,branded," 5,922 ",high,5
KW_151,亚马逊官网美国,CN,zh,branded," 5,040 ",high,5
KW_152,amazon美国站官网,CN,zh,branded," 5,030 ",high,5
KW_153,亚马逊中国官网入口,CN,zh,branded," 4,892 ",high,5
KW_154,amazon uk,CN,zh,branded," 4,592 ",high,5
KW_155,amazon美国网站,CN,zh,branded," 4,561 ",high,5
KW_156,日本亚马逊官网入口,CN,zh,branded," 4,535 ",high,5
KW_157,亚马逊官网中国入口,CN,zh,branded," 4,471 ",high,5
KW_158,亚马逊中文版入口,CN,zh,branded," 4,152 ",high,5
KW_159,日本亚马逊官网,CN,zh,branded," 4,104 ",high,5
KW_160,德国亚马逊,CN,zh,branded," 3,866 ",high,5
KW_161,美国亚马逊官网入口,CN,zh,branded," 3,314 ",high,5
KW_162,亚马逊入驻,CN,zh,branded," 2,932 ",high,5
KW_163,亚马逊运营主要做什么,CN,zh,branded," 2,929 ",high,5
KW_164,亚马逊官方网站入口,CN,zh,branded," 2,924 ",high,5
KW_165,亚马逊英国,CN,zh,branded," 2,724 ",high,5
